{
    "accuracy": 0.9853658536585366,
    "report": {
        "0": {
            "precision": 0.9714285714285714,
            "recall": 1.0,
            "f1-score": 0.9855072463768116,
            "support": 102.0
        },
        "1": {
            "precision": 1.0,
            "recall": 0.970873786407767,
            "f1-score": 0.9852216748768473,
            "support": 103.0
        },
        "accuracy": 0.9853658536585366,
        "macro avg": {
            "precision": 0.9857142857142858,
            "recall": 0.9854368932038835,
            "f1-score": 0.9853644606268295,
            "support": 205.0
        },
        "weighted avg": {
            "precision": 0.9857839721254356,
            "recall": 0.9853658536585366,
            "f1-score": 0.9853637641109759,
            "support": 205.0
        }
    }
}